-0.000580348934980739,0.000244933932393074,-0.00233596293114816,-0.00221409688130952,0.000744095632874718,0.00083744532249533,0.00126619456658873,-0.000313547075742551,8.06695722934892e-05,0.000556942758228556,0.000728208672107013,-0.00112515713784212,-0.000320187643297393,-0.00118130242254872,0.000335574683193698,-0.00260531467610882,-0.0014716957659877,-0.00156897771491436,-0.000754211502344571,-0.00245679514667909,-0.000365317221613072,1.15575793017971e-05,-0.000878171751813927,-0.000599742656221208,0.00106998731744681,0.00304294400240831,0.00111356218213736,-0.000653847591856188,0.000737429656149879,0.0010297664854517,0.00124371240509388,-0.000858134380478228,0.000742078545089887,0.0015018597553326,-0.00151138039135763,-0.00266649894628274,-0.000566603547232147,0.000310026609923021,-0.000679770643489369,0.000649293395754673,-0.00165359607671301,-0.000465819480017389,-0.000956273214235721,3.71603932121666e-05,0.00121194115431952,-0.000365319592654086,0.00196910730716896,0.00184006435613392,-0.000941901415691321,-0.000747706345198389,-0.00141602672765843,-0.00104015331945859,0.000177073953429646,-0.000790087371605912,0.000398939560443269,-0.00326622408917573,-0.00043668680272477,-0.000334456652983488,-0.00180544180694917,-0.00254592703086517
0.000522766422016357,0.00128104692441872,-0.0014496289065232,0.0019522405883732,-0.000463364165921253,-0.000716709801232008,-0.00139414579289699,-0.000461651829233356,0.00113519821650094,0.000395705822698665,-0.000202269057131858,0.00045314764410779,0.00032138038953533,-0.000778164721193076,-0.00134481280190476,-0.00150539597698395,-0.001976370377968,0.00131727262427859,0.00134763867404921,-0.00158940405298981,-0.000527663895393076,-0.000776544984668938,-2.61795802811433e-05,-0.00125896944849478,0.000222914457829398,0.00221666971829005,0.00216511139096668,-0.00251181813257976,-0.000911264637266803,0.000430515634016871,0.00277957859115083,-0.000854168540109595,0.000341421677563231,0.00101574855953032,-0.00132001447669569,-0.000802654112009638,-0.000122492166541392,-0.00112477166399712,0.00055338470767478,-0.000995829337197079,0.000228352555571123,-0.000773793297877902,0.000689387116782094,-0.000236690702343324,-0.0022304290875173,-0.00232050766787202,0.00122670212120454,0.000430166611014989,0.000259550883830814,0.00156751908352428,8.37032456734299e-05,0.000997698007534745,0.00108896870455626,-4.96725847712035e-05,0.000653235375176212,-0.00246249456332982,-0.000823564542354691,-0.000786190158521144,-0.00215999294598319,0.000411631718507722
0.000174022949680583,0.0007888881596178,-0.000105859447486199,0.000300173968758223,0.000288735522415634,-0.00240082229429027,-0.000183294417353943,0.000702543896180591,0.000642380694468397,-0.00152849675018627,-0.00184300732391585,-0.000574538607159462,-0.000203052010621191,-0.0010397241232393,-0.00122063533725975,-0.000805252805254051,-0.00063970635831804,-1.88897454440711e-05,0.000273742318388814,0.000340054945954518,0.000484616092557315,-0.000698926181666307,-0.00120921623565728,8.4954074011082e-05,0.000888207286462223,0.00280568983220072,0.000535695031031909,0.000651467721934354,0.000102988028563931,-0.000658064877186708,0.00161223748177651,-0.000120750467833434,-0.000152598947575529,-0.00114384005806279,-0.00102866623625799,-0.00211814760318842,0.000878209369438613,-0.00148230596464732,6.04493248518061e-05,0.00111743828205204,0.00125324471488678,-0.000449422808879235,-0.00197288835347451,-0.00271297962794528,-0.00232949533698933,0.000455461262236858,0.000394544464868897,-0.00103137993694902,0.000344591008782306,0.00206845612034878,0.00012557774124665,0.00128306171454312,4.18979517968345e-05,-0.000535706953430229,-0.000621979063862759,-0.000217220452779621,0.00143225793859341,-0.000349320918001267,-1.31736646340756e-05,-0.000158971114966759
-3.68889253160698e-05,0.000691935221050277,-0.000525313514980922,-0.000442107898078192,-0.000508025727184121,0.000512419726823234,0.000935001194214937,-0.000507406380377805,0.00145602037221986,-7.50526874350395e-06,-0.00161595209003632,-0.000256390666402407,-0.00243365568541891,7.03741226969266e-05,-1.8253859493088e-05,2.6411528068277e-05,0.00205805212810592,-0.000833526669664754,2.50442941416609e-05,0.00183360676913733,0.000753964609853719,-0.000264013517052801,-0.000896645605906396,0.000845666106870168,0.00100767596058234,0.000712887421132257,0.000996053829827606,0.000336010352756823,0.00110845872531192,0.000499530768459479,0.00154934560637172,-0.00136741457518519,0.000332463353392434,0.00011915962987997,0.000582852742055859,-4.67970709174954e-05,0.000307782506480357,-0.00117742170953763,4.22665310322198e-05,0.00300960922880815,0.00100374091076216,-0.00207950349384207,-0.000631725072455288,-0.000482398801451849,-0.000912001723657447,-0.000478246391289667,-0.00259738082760824,-0.00178310568366398,-0.000447621288518608,-0.000165264443526602,-0.000391740840621232,-0.000691563129484204,-0.00015977914656782,0.00178136112017156,0.000323476270371541,0.000398865958284609,0.00032119232601618,-0.000594993930227655,0.000781257849528782,0.000753423740537327
-0.000730014091852597,0.000223684313837248,-0.00130420082391857,-0.00089516554629102,-0.000362805083717028,0.00199281751813985,0.00197402761100155,-0.000655806389061145,0.0012380140512886,-0.000464472708988335,-0.00124201829488886,-0.00256243312231144,-0.00166792638218951,-0.00133946131341633,-0.00145595664855488,-2.64809891158197e-06,0.00179413375847438,-0.00160480465290719,-0.00104077429879339,-0.000508655701180907,-0.00088078484067481,0.00109404655119245,0.00278762995757075,0.000612437546460794,0.0015119175965849,0.00074617443624405,0.00150627177005444,-0.0025338281059442,0.00131228937172966,0.00119258230057285,0.00168761314240759,-0.00102206480146611,-0.000318165126403701,0.00163270065214054,-5.96324977656395e-05,0.000432439692343824,0.00258732944270635,-0.000847920804343953,0.00155354936611194,0.00412776341950573,0.000763684811871965,0.000197518228180474,0.00156066979469343,0.00117141472079462,0.00158039650048364,-0.000396449804081439,-0.000854065997822324,0.00045292412072922,-0.0010728921303599,-0.000271644625358532,-0.000610734415153114,-0.000145646865496563,0.00134420060658459,0.00139900752936654,1.0117481307699e-05,-0.000469243495924753,0.000259354568902712,-0.000241056936249119,-0.00096489506596246,-0.000246347789294219
0.000870781070085445,0.000254339799289827,-0.00119900066176305,-0.000790977815075961,0.00190854774384942,0.00056529298413875,0.00109868427301011,-5.90275970394933e-05,0.00063299792795653,0.00236227987819828,-0.000307509192958665,-0.000754497477493305,0.000121815471192482,0.000523241230787065,-0.00310597893337783,-8.70412639902415e-05,0.00120760329942902,-0.00024085914272366,0.000511725276416258,0.00166555602869597,0.000296158061280144,0.00187877584854935,0.00288156599538806,0.00096408809129964,0.00132606503433259,0.000252674880771268,-0.00104103783111151,3.55363427065676e-05,0.000875167276619349,-7.49075030416146e-05,0.00142431871714074,0.000637278459642684,-0.00166746238659644,-0.000551870895658406,-0.00165254253047416,-0.00122012891329625,0.000624105340694892,0.001261903362542,0.00152418546756421,0.000715494443771099,2.46212746782547e-05,-0.000861860575409869,0.0012603946949262,0.00101927459822662,0.000607597000428752,-0.00185902061766475,0.000718470380564244,0.000219610736018209,-0.00135244906927288,-0.000895550923294919,-0.00053870334006193,-0.000608724610638175,-0.00027368281832297,0.00125652638715468,1.29734247569885e-05,0.000221326579412615,-0.00074906934983719,-1.17445041700928e-05,-0.00190238988638323,-0.00104935470323521
0.00158532684917365,-0.000616188018435197,-0.00248634841125358,0.000527800525218421,0.00137911205985211,0.00147622113543998,0.000860695316724294,0.000363242619916302,0.000596656593586904,-0.000361005114728829,0.00181078870629651,-0.00207462754719665,0.000146794622042978,-0.000379450466670961,-0.000566260726790956,-0.00183324632885631,0.000531302234206383,0.00234054290405581,0.00291368936501934,-2.01368235815084e-05,-0.00018484802662662,-0.000693498936214875,0.000846865265419094,0.00104758063050048,0.000662371759417704,0.000841483686091922,-0.00229183911659198,-0.00213831869052298,-0.00134178000499389,-0.00113694387130139,0.00131246063512917,-0.000687241612346982,-0.0028772579209922,-0.000515190978333818,-0.0017874498386645,-0.00191755744513485,0.000928391740709972,0.00245901503544142,0.00103540615588144,-0.00172352596562881,-0.00149928144475195,0.000814988490832025,0.00060383664448676,0.00150479181818405,-0.00205789403545199,0.000310753453035692,-0.000136253986015222,-0.0015027161750748,-0.0021156157902536,-0.00197993173611005,-0.000151395510300496,-0.00126982266487786,-0.00285325308051995,-0.0021678696058665,-0.00248519199443442,-0.00244753235181117,-0.00157593033300479,-0.00236845492398155,-0.00311748532783169,-0.00104898190482025
-0.00148052414409018,-0.00306652465777492,-0.00177310845350577,-0.00111359438222462,-0.000881059925468149,0.000245344949085811,0.00193022920387764,-0.000320148787518279,-0.00101872347240827,-0.000708522836895498,-0.000880168446301836,-0.00211569325634962,0.000529416991678786,0.000456810104045262,-0.00113110969496773,0.00150384807742689,0.000955086700374068,0.00127516626430055,0.0012934370377514,0.00119365481026499,0.000442171492024391,-0.0030994718568613,-0.00047756464651503,0.00129598516254789,-0.00182418028610815,-0.00143262663842316,-0.00213892120328398,0.000248743558033249,-0.00112175729417403,-0.00208859397405615,0.00194288219110525,-0.00120302120113963,-0.00200893837141423,-0.00255341218286139,-0.00227183859109048,-0.00195992577547911,-0.00153657775129116,0.00222324427471466,0.00095861888808069,-0.000207036737496225,-0.000386797796179616,0.000358625356097551,-0.000821166052684706,-0.00147556280971637,-0.000802154429291665,-1.07335413138219e-05,-0.000736222496845851,0.000861391223537655,-0.000930279762829804,-0.00104873605590536,0.000535453961606347,0.000387849870487558,-0.000409014144875969,-0.00320965478021379,-0.00307272647331479,8.59636632421037e-06,-0.000533733748545663,-0.000348021455636506,-0.00218127083101907,0.000436204092111759
-0.00167059196188094,-0.000942442089492967,-0.00178366901694829,0.000872733873196463,-0.00064452426877999,-0.000398589797653968,0.000741220416560322,-1.5946178373408e-06,-0.00186436678135978,-9.3339218731779e-05,-0.00190550439521733,-0.00025463229232225,0.00178784456846318,-0.000898305734629784,0.000440326406367972,0.002316749309578,0.000798696463288395,0.000986751899906284,0.00202161255713805,0.0034804984297993,0.00236051987246183,0.0015993505320513,-6.97778005641341e-05,-0.000722967349618311,-0.0025827692389689,-0.00127831554915008,-2.44213598460928e-06,0.00130296443115298,0.00122821767115977,-0.000247949850255291,0.00123879590458947,-0.00214562007109464,-0.00152097891818984,-5.47197358267136e-05,-0.00122480591071985,-0.000942715149800817,-6.04719299197964e-05,0.000454838308773142,0.00122734172975576,0.00126461929963137,0.000397696631566596,2.44116667359429e-05,0.000288986345602707,-0.00053955622055945,-0.000502994960975207,-2.53139773971503e-07,-0.00280954900109607,0.00108876096061241,9.40119290049124e-06,-0.000913619709158326,0.000846435965565787,0.000883944788191439,0.000613083399019116,-0.000342044068124614,0.00119910015588697,0.001316204778128,0.0010496612148736,0.00110317656656674,-0.000270089169428395,-0.00092471450659565
0.000264731276103026,0.000789256304552269,0.000279482343163514,0.00103028637868185,0.00041974233227301,0.00165078272900842,0.000426624572692396,0.00155116905531295,0.00135853030051402,0.00047717274985406,-0.00117102045961179,0.000806408526930664,0.00184366234128484,-0.00249899327641475,-0.00069884157342508,0.00194897147021001,0.000276568317863352,0.00141691909886955,0.00100121241703703,-0.00243290630496769,0.000245262880082617,0.00202412015889428,4.70329951673686e-05,-0.0011137747383865,-0.00188785666860411,-8.18262863886625e-06,-0.000817218441034421,-0.00102332606075777,7.02405653508154e-05,-2.29501733006823e-05,0.00464192116948081,-0.000769433068281123,0.000251976480165999,0.000645735188773006,0.000245876233874734,0.00177664296142613,-0.000205191747642627,-0.000769964917270042,0.000327692383460465,0.0027858067833818,0.0008434325703438,0.00112140624599802,0.000572664966627166,-0.00190757721129839,-0.00145435932039506,-0.000801358629155559,-0.000201157310566505,-0.00248207408804321,-0.000893728286350434,-6.42159118716156e-05,0.00170018905655137,0.0028277975390464,0.00209585762401544,0.00206800136207728,0.00061787430576323,-0.00196265091702035,-0.000724689586159044,-0.00150592787497059,-0.00122757508686235,-0.000480618941123635
0.00121676022989052,0.00150444446380706,0.00236493353766843,0.00145844810937526,0.00230210841360845,0.00278881065203989,-2.38133992381013e-05,0.000140716708049011,9.35029892979665e-05,0.000843140834457879,-0.00151164569619015,0.000768688689555916,-0.000762773506250909,-0.00291640848528455,-0.000542426734483574,-0.000131379400924817,-0.000496299899520105,0.00198791173784063,0.000376567330455733,-0.000933701445371933,0.00157046248877962,3.1893017317727e-05,-0.000624677623823239,-0.00117090297727722,-0.00244563675398995,-0.000250981249666019,-0.00226273385691174,-0.00437182398746624,-0.000931872988065766,0.00157587259177409,0.00356456185133961,-0.00150314811266208,-0.000547249229725839,-0.00147304049416311,0.000131893226534023,0.0023342592316794,0.000699293309924491,-1.970040803569e-05,0.000857738348144082,0.00149854735014041,0.00170587191128355,0.0018849899589146,-0.00102261126287441,-0.000588330868504221,-0.0028346504217868,-0.000163555306517806,-0.0015784856879106,0.00132340729796391,0.00178427349796484,0.00113905241238366,-0.000101461310056901,0.00165939044950183,0.000477507000574461,0.000589519756217472,-0.00213048139265988,-0.00139800720669713,-0.0018282558274749,-0.00351833164864733,-0.00167395340236542,-0.0021196958672553
0.000312216946201189,0.000802463564985228,0.00249392330830431,0.00231344550267127,0.00312624073273505,0.00377262143723283,0.00305655346374276,0.00200787351096456,0.00224176457567165,0.00362576668788949,0.000492006284826769,-0.00197524158831841,-0.00204361136482547,-0.00107570398436669,0.00138401971438568,0.00143681916777317,0.00183590173202238,0.00149119311693028,0.00013943990020409,0.00112307352576286,-0.00130940001897007,-0.00146874071581623,-0.00112888802453436,-0.00224288275159223,-0.0034390964789649,-0.00161442248979348,-0.00202829054654854,-0.0014369287426863,-0.00263790329621448,0.000361153773261336,0.00401497673695381,-0.0033017312395466,-0.00325325604203874,-0.00259857659834672,-0.00121931186323424,-0.000100142079021417,-0.00333402453450579,-0.00217124782082921,-0.00089324640889678,0.000316462514038198,0.000792688646926049,-0.000269289289790458,0.00119115245177717,0.000981316295859611,-0.00287353838365529,-0.00239829828499049,-0.00238122357162745,0.000410126224081423,-0.001662412793808,-5.73397877078195e-05,-0.000307260166072525,-0.000650784866336921,0.000542489859379956,-0.00166922024353368,-0.00082950439010731,-0.00154184806055516,-0.00062276972744892,-0.00204454259120262,-0.00424515429759035,-0.00127288755022434
-0.00183551668683535,-0.00117187464314785,-0.00127806298130945,0.00134658410358586,0.0034264505600135,0.00393968851662951,0.00139509335973834,-0.000318146406479592,0.00124393159965654,0.00103990855829686,0.000636230664020645,-0.00222018473223459,-0.00061616983689356,0.00115355500771841,0.000779483349412843,-4.26552707581303e-05,0.000669115806750796,0.00117377956219669,-0.000297408495838223,0.00264333546862732,-0.000426511420944831,-0.00193707437476879,0.000575845302252929,-0.000888346586328188,-0.0014848848471965,-0.00186666238920945,-0.000959699892723964,0.00172690702801661,-0.000980592269317144,-0.000765436457011711,0.00363486744960612,-0.00329037964637865,-0.004841483128452,-0.003232979355737,-0.00136100780060306,-0.0026287036574499,-0.00487724893945177,-0.00125788570054172,0.00170304763685132,0.00110336817304761,-0.000123039912978252,-0.001128877554871,0.00104573683289618,-0.00179089339102589,-0.00130622173643076,-0.00334300836357765,0.000182013393015275,-0.000587307805669859,-0.00123528933551965,-0.000564980593047833,-0.00142295890248651,-0.00206348530735888,-0.00134189730476636,-0.000449897385954971,-0.000856973327768363,-0.00144738434686522,0.00073624881740037,-0.000643552616168556,-0.00175274783911915,0.000380122893570052
-0.00214379549129736,-0.00243874868549859,-0.00128426520000024,2.57402050509964e-05,-8.82421507009375e-05,0.000335852362703494,0.000865235334372087,-0.00123634720248348,-0.000308870937476214,0.00106971004701801,-0.000580472346301688,-0.00113875725613841,-0.000869151316358966,0.00139042027348393,0.00131549284773276,0.000398113579811156,0.000879300387050481,-0.000588722427763848,-0.000243192014673822,0.0011835634640861,0.00057009474590899,0.00015564575227683,0.000822996244548732,0.000684219292704339,-0.000687769733574319,-0.000245900926614467,0.000197844163221738,0.0018218757502473,0.000822125552371389,0.000247001646320879,0.00224339663586776,-0.00283813629211657,-0.00383290346994342,-0.00179281128697409,0.0024819701553197,-0.00272452463264124,-0.00265322799480716,0.00182893689672041,0.00276562657862087,0.000845519603273033,0.000699763107247215,0.00116573994401132,-0.00179174596058844,-0.00198511522374427,-0.000244116970253812,-0.000522724787296295,-0.000601758623947955,-0.000790310578288068,-0.00255925373109579,0.000323651037054243,-0.000834606979590237,-0.000635125547732378,0.000389991281662424,2.45421499100633e-05,-0.00020443835040109,-0.000279252692407746,0.00191308372627131,0.000366847299808792,-0.000240960821596851,0.000402626198881665
6.39428094999906e-05,-0.000430636705785143,0.00108516879165746,-0.00053396777321687,6.0497744230907e-05,-8.10936945339669e-05,0.000720435562398064,0.00016076215405951,-0.000575056444832006,0.000727591954636624,4.80367468332451e-05,-0.000896442660580409,-0.00071282471865299,0.00137466078462683,-0.00196973832848319,0.00153571879312766,0.00287109704232765,0.00109966877807954,-0.00124707301942228,0.000382905706010362,0.00129506985177084,-0.00119109896949827,-0.00169487709269028,-0.00343053588228355,-0.00102452251110949,-0.00150579181900021,-0.0025037258047166,-0.00107515667286379,0.00136423910688981,0.000623691163141556,0.00500983431679267,-0.00115614149708105,-0.00183907018458426,-8.49920190923591e-05,0.0024812305116895,-0.00102089136215193,0.00209637674358635,0.00166208061001173,0.000672225345158959,0.00192120621237544,0.000860552084576229,0.000418652780001742,-0.000313188162824842,0.00118397126582085,0.00052070371155014,0.00131582274139592,0.00291261009824041,2.71806689584798e-05,-0.00274955773270571,0.000799232475036527,0.00093401041113684,0.00104900943277572,-0.00158635064108221,-0.00136264688162887,-0.00317371631724235,-0.00127056690548968,0.000151336371923069,-0.000502019893445634,-0.00109771996142521,-0.00105538589826621
0.00100626671895533,0.001070158571811,0.000875299744423215,-0.00145653173728431,-0.00218965281166054,0.000482747669443609,-0.000406917687460714,0.000150628549270247,0.000136574761129827,-0.00183698109747629,-0.00118798588829975,0.000100936608332856,-0.00146563087942468,-0.000361673989834265,0.000407788749726151,0.00156967705579708,0.00174118235955782,0.000650298679195161,0.000709276575975803,0.00010318027861975,0.000948796483616877,-0.000249838461175389,-0.00193787911087183,-0.00679558577021865,-0.00298993395307971,-0.00251357528020054,-0.00243004006917758,1.8310050721219e-05,0.00229169815033046,0.00153076440031996,0.00725274435299675,0.00115720674186934,-0.00228871072734465,-0.000947134228306027,-0.00082246666108326,-0.0017406798252033,0.00272206816871139,0.000383555374037188,0.00137283082848698,0.00179920171594447,0.000627506233110219,0.000275544740054905,0.00212300782379206,0.000842278037830122,0.00123273992958829,0.000830321483020949,0.000788170814615201,0.00207126562625139,0.00123381117953813,0.00133408407128215,0.00143723317277408,0.00161254909450518,-0.0010800866972096,0.00101778891054602,0.000547316872838257,0.000458534528403465,-0.00142394389296011,-0.00138875931084756,-0.000544852472796057,-2.0538789741043e-05
0.000191287181830784,0.00032316111736989,0.00069112382257205,-0.000841826065892497,0.000204014985633275,-0.000356452637202595,0.00241649978230859,0.000732610723849719,0.000281094657208348,0.00161189427859184,0.000912069908255416,-0.000621948298668434,0.000486251403177786,-0.00103463458203629,0.00115744217247998,0.00100833605584251,0.000346611365432382,0.000789280541400363,0.000484859337515832,-0.00031451601433649,-0.000805964651701903,-0.00147112882996076,-0.00214388648288453,-0.0031494126432718,-0.00239030185632765,-0.000933181912148096,-0.000181318343951743,-0.000376632713015901,-0.00184670848849907,-0.00275473157570185,0.00496117596645749,-0.00136465659303705,-0.00497882271606937,-0.00303344571943517,-0.00449045982889201,-0.00291487922531666,-0.00195164371283324,-0.0028649167146317,-0.00067373786409703,0.0017082739201532,-0.00144125329524667,-0.000482952801496836,-9.24676200913034e-05,-0.000395058419897612,-0.000292949527875397,-0.00145997114875341,-0.000296686274445871,0.00089503215966837,0.0015514312477061,-0.000287868072862494,0.000499962910861438,0.0026645970171154,0.00120855690325586,0.00161558721511106,0.00330825163152578,-0.000291759266750999,-0.00180180176685587,-0.000409946972390297,-4.94984160706505e-05,0.00177871601352459
0.000151475477024881,0.00140769025025106,0.000980771655064504,0.00138022166632844,0.00169865329737748,0.000924287419732027,0.00217934496883937,-8.90547062187299e-05,0.000533878637775578,0.00244503055268144,9.14514816308586e-05,0.000199027703020004,0.000846826630039056,-0.00196291245730015,-0.00117437567648989,0.000496346146992432,0.000384541883761029,-0.000724598331033091,0.00140778251580072,0.000261743689521582,0.0003044497222063,-0.000289588921427145,0.000294377967743791,-0.00019717234324889,-0.00017191760557953,-0.000994834566474808,-0.000186480027283218,-0.0012005349226908,-0.00542658887906354,-0.00300446765044994,9.47985639511906e-05,-0.00556192356747003,-0.00678014514964369,-0.00616384884858982,-0.00594578759345695,-0.00227045515421329,-0.00557616499247375,-0.00365673358338616,-0.000425231423306877,-0.000475149852761055,-0.00162689118093152,-0.00102951468578354,-0.000839064982285781,0.00136704713100606,-0.0029566420335791,-0.00241250119046286,-0.00252942855824605,-0.00153281156877638,-0.00196281876269414,-0.00256476841817076,-0.00173813751053689,-0.000791282716904287,0.000876567350196991,0.000923467403831375,-0.00177282228617891,0.000102647436540153,0.00216517344251419,0.000875040705777829,0.00027047546946884,0.000664831652288981
0.00056399456168073,0.000931475305165737,0.00124834120996019,-0.00105245525128817,-0.000556069168028911,0.000865195045439747,2.14942100378748e-05,-0.00186432402070273,0.000551923120257299,0.00112910254295006,-0.00150929421717852,-0.000376292323682487,-0.000760680482898141,-0.00312895313693853,0.000599882564632624,0.000440658379886152,-0.00103633424653741,0.000138107484681464,0.00354895185282279,0.00223106127658906,0.000331043707369873,-1.25794439405217e-05,0.00202943436982312,0.00161398921412616,-0.00186637470923752,-0.00344453385547066,-3.51317045363338e-05,-0.00158950158648085,-0.00797090319515407,-0.0048113936106596,0.002770517306478,-0.00541122417397212,-0.00933564722117359,-0.0073120098706867,0.00168498565357323,0.00101254060803005,-0.00235305210551324,-0.00089815241057222,0.000900012949725881,-0.000679696185877832,4.73389503643886e-05,-0.00143642503926518,-0.001577279225544,0.00158710594584804,-6.39668425244152e-05,-0.00224449468980127,-0.00109212333548097,-7.79970590243227e-05,-0.00112120629514156,-0.00195614023910786,-0.00127638018653285,-0.000727671163390192,0.00148279452759172,-0.000610278507016109,-0.00140747173490608,0.000394193136239199,0.000405175355096862,0.00130450910155373,0.00163995549911542,-0.00075507201060961
-0.00302092858935478,-0.000506754342049202,-0.00132494217192439,-0.000182186602500841,-0.00261754320461069,-0.000851743815827958,-0.00167026846346845,-0.000823038181494981,0.000897070068136593,-0.000910423966821888,-0.00291685779324832,0.000222743176486855,0.000644152085696672,0.00048258683163012,0.00358942874190026,0.00037426009364401,0.00154318794899665,0.00253542786704785,0.00371306754993929,0.00292243861581078,-0.000142847311370436,-0.00133310871055176,0.00114125655251547,-0.000829757848084197,-0.0017027343811583,-0.00102434860595785,0.000227532280279878,3.31251878436348e-05,-0.00210016197198357,-0.000979120164470966,0.00554945670921335,-0.00225280010476637,-0.00875294311532509,-0.003185791191965,0.0110528984331449,0.00588521717574156,-0.000850581329087877,0.00114660733632883,0.000529661735001997,-0.000758572513299235,-0.00127816557318527,0.000487727909068741,0.00127854141736859,-0.000428959849300813,4.15835286962172e-05,0.00102266789326936,0.000733327887858998,0.00179520470130575,-0.00019650797841517,-0.000358098195063573,-7.96325170621878e-05,-0.00222581218198276,0.00105347556497606,-0.000527069808057736,0.000290411958462867,0.000494557632703584,-0.00125667960502427,-0.00115941511969072,-0.00253335195489367,-0.00165971647119004
-0.00285523337453637,-0.000247010262024749,-0.00140912308331289,-0.00110670625625591,-9.02157394407796e-05,-0.00214590392968154,-0.00419338568434929,-0.00010352525367191,7.98875428989841e-05,-0.00122149038847141,-0.00114566275089786,0.00121821748067971,-0.00116626718361546,-0.00196337024642718,0.00211953107181781,-0.00068070927551778,-0.00045738413652494,0.00158895763271593,-0.000675272488935993,-7.76446931375917e-05,0.000329077877686009,-0.000908703807196382,-0.000617191880049103,-0.000881643636834411,-0.00111689857844314,-0.000234417563835725,-0.000129132739144409,0.00159359180283745,0.00187445307366851,-0.000768736021508549,0.00676322851828666,-0.00172469697830573,-0.00412639590051649,0.00203890236840854,0.0048888930479223,0.000458656142240794,-0.000670030940151702,0.000153893198864023,-0.000443505088217737,0.00092213422827654,0.0007287390500815,0.00268127753527334,0.00263370022161453,-9.72500510069787e-05,-0.00044344049136938,-1.8213566062358e-06,0.000567714785527809,9.91700156202983e-05,-0.00140874334666514,-0.00207133742225859,0.000233418422668612,-0.0008279373805376,0.000590087140264933,0.000421167101046955,0.0012576110830781,-0.000522676908234625,-0.00187584827137549,-0.000984853986537401,0.000951944256955824,0.000221106745991601
-0.00298506381092951,-0.00227700817232297,-0.00258712919203287,-0.00286744205242149,0.000178295989170761,-0.000962733444582599,-0.00259230564545112,-0.00136355175334944,-0.000604599698509708,3.27131322960079e-05,0.00170757874307778,0.00166195553169637,-0.000738475904765742,-0.00169436435116726,-3.39298518637812e-05,-5.23568001076197e-05,0.000441890450826954,0.000349766810927619,-0.00120532496445421,-0.000853912172996797,-0.000166061653182791,-0.0018660328895716,-0.00344542348729831,-0.00248399835059459,-0.000525937188269843,0.00139303715935001,0.00205214461068784,0.000720132606066688,0.000244878068080157,-0.000894153138804839,0.00463486231241282,-0.000611829400984748,0.00478276861224613,0.00418176352282484,-0.00284885248543711,-0.00145965436460667,-0.000932690016994351,-0.00248132233847148,0.00426972513029621,0.00297518123266383,0.000673324421677319,0.00217296703565469,0.000928726948556594,0.00159605111061525,-0.000141907849519005,-0.00131234445176273,0.00174002333517816,0.00038400791934472,-0.00121800119131061,-8.3878934602228e-05,-0.000193436483485111,0.000263753240116208,0.00125242697649904,0.00146441005329224,0.00105139651982008,0.000399682026030606,0.000767312727103058,0.000247210614991818,0.00107489189987927,-0.000151372961988851
0.00185633958397251,0.000967979120852892,-0.0010904508941198,-0.00249952628676175,0.000826918245773644,0.0027660693596846,0.000812294841847977,0.000880319369633257,-0.000389436261929639,0.000341343378100994,0.00152394654123801,0.00215545910538351,-0.000608306830415922,-0.00223557857838605,-0.00115052621786676,0.00155021946223043,0.00105113271108034,0.00145553926126493,0.00105953697566433,0.00153800929384948,0.00172261460533722,0.000747314791858949,-0.00159926008757239,-0.00287566564849537,-0.000347309280455545,0.000986250043213907,0.00176349886695164,-0.00231916449559839,-0.00475537555621759,-0.00575732211352021,0.000333159079374155,0.001232983778858,0.0043893223640477,-0.00321049979411205,-0.00301852839155468,-0.000706780675387731,-0.00530973638627044,-0.00344582627198572,0.000309019225372062,0.000270997978412225,-0.000203025582037298,0.000367993992833025,0.00239184958022197,0.00198558978018959,-0.000295058228379822,-0.00184386312861881,-0.000677904556153666,0.000418638662478897,0.000307167242252124,0.00158012751537842,0.00152263829629932,0.000229544014267627,0.000720929982135966,-0.000361831569774417,0.00140619477571557,0.00270394212807131,0.00370048724782706,0.00169522691637086,-0.000365180309829225,-0.000662868661630834
0.00353249514318448,0.0015953043326918,0.00140716078228653,8.43872029146074e-05,8.84968244382198e-05,-0.000709057495221033,0.000139980802668272,0.00306938927499033,0.00144835748986615,0.00090385721426721,0.000816026329095457,0.000821393144323797,-0.000798400289393953,0.000158180728799238,0.0024657075063721,0.00036654328607527,0.00242667376322762,0.003659315500799,0.00339077552158493,0.00317485843912992,0.00195576879669904,0.00271867858610261,-0.000231194053348943,0.00028993261313115,-0.00188264963941654,-0.00215752385373689,-0.000518854482724799,-0.00184898267608679,-0.00751848342173611,-0.00783464359493216,0.0035587576034611,0.00389472412058598,-0.00218102948526697,-0.000969847952833897,0.0100300983639423,0.00123893349450092,-0.00619818687290914,-0.00328545305707137,-0.00197963026257814,-0.00115393815005262,-0.00131878010074327,-0.00117815020912267,0.000365219402258756,0.00208013912146992,-0.00150001324229468,-0.000861346649994696,0.000370421914166623,5.53627216924389e-05,0.00198941552446831,0.00164006111785155,0.00097032377963104,0.00154180721829244,0.0023968066973686,0.00190278524882889,0.000568235986028618,0.00166523772616967,0.000899644163021689,0.00264677679620678,0.000166378280542972,-0.00103327492823072
-4.96558611426316e-05,0.00110196858865784,0.000638419340163871,-0.00149739496985662,-0.00191826909003416,-0.00313547211514164,-0.00118399020523689,0.000422245264881052,0.000242696746692541,-0.000200578882437449,0.000850028728974522,-0.0010234206699835,-0.00212775712638878,0.000208421515359733,0.00115490520903912,0.00114869484637234,0.00189286984520154,0.00181564463071932,0.00345034762705729,0.00193855063059244,0.00166307568270851,0.000696763836121711,9.88000019263099e-05,5.0392523281433e-05,-0.00149611969358565,-0.00157555167974435,0.00242984567655573,-0.000250075565658138,-0.00837153293728768,-0.00783703785740979,0.0157504288825627,0.0200740267319216,0.00466807733920199,0.0145586427204636,0.0216136710593825,0.00367206460819194,-0.00404516994562525,-0.00130916594557248,-0.000494321556482326,0.000845531579291583,0.00213674759839414,0.000802222008461208,0.000930312768337591,-0.000594771590512543,-0.00217857526479173,-0.000746012697538228,-0.000211188940838092,-4.57968458784908e-06,-0.000456835060474079,-0.00235091257175903,-0.00181197785372914,0.000787485705141889,0.00153817499235274,-0.000191356857360994,-0.00084974354540004,8.30710707280991e-05,-0.000103158340311926,-0.0011869907314544,-0.00139387257725658,-0.00169213613990969
-0.00249301551760174,-0.00225708128927364,-0.000413540659579371,-0.000334403132319537,-0.00153893481195159,-0.00408882340014732,-0.00158059487442236,-0.00119166881544935,-0.000238912382438888,-0.00165452885658256,0.00093086164187272,-0.00148938604006958,-0.00139554036393762,-0.000101785418375612,-0.00131510884575484,-0.000588070559471853,-0.00010383427767458,-0.000496502605747408,0.000226935581471876,0.000505461111734181,-0.000108642253741608,-0.00215754034486987,0.000131765580095733,0.00278554820904245,0.00143178243666326,0.00139631884756336,0.00363812864892839,0.00475383629831416,-0.00518139226815525,0.000732951974879476,0.0325438913238339,0.0407609241930131,0.0195033144171036,0.0190630196646164,0.0125904863411844,-0.00204193685397608,-0.00381962503514819,-0.00268254240304211,0.000316703558684219,0.00146455474568147,0.00223052440059905,0.00074582792911115,-0.00214500355548752,-0.00334270246015203,0.000984592545891062,0.00250939829136336,-0.000397615223894715,-0.00189819149863124,-0.00403995783253621,-0.00272441456697742,-0.00248021957797477,-0.00065861133156868,0.000475215468740379,-0.000995389914111626,-0.00311390054955437,-0.00052947488489406,-0.000163951633396154,-0.00225064208903951,-0.00132654416739619,-0.000619738070028793
-0.00151018771294565,-0.00181051873174962,-0.00116015151587815,-0.00191131016654707,-0.000767411041073795,-0.00179749242097332,0.000176191165986914,-0.00122495846053628,0.00113843340490072,0.000915473307101144,-0.000190680267577591,-0.000606158168283031,-0.000120043327399135,-0.000561050915911888,-0.00172201970985592,0.00015001951966429,0.000505785485257957,-0.00138802443979742,-0.000320705124968556,-0.000330529017196992,0.000647391567260126,-0.000769909094764991,-0.000394503315735195,0.000675882751704948,0.00207500435183726,0.00148773819963864,0.00380076161724103,0.00201624082535074,-0.000662973370441267,0.00940080556109041,0.0322169006239296,0.031652952016282,0.0170684335317601,0.00837482815017201,-0.000431457642793517,-0.00671670298533166,-0.00405858113176509,-0.00197252709374297,0.000125094513814966,-0.00168584130670468,0.00154256843913342,0.000437699484848211,-0.000321439460188442,0.00100064307205674,0.00250131589950095,0.000607084683028699,0.000342492099920339,-0.00200619437406671,-0.00073833262114853,0.00244774663605575,-0.000505145271650233,-0.00163911397388064,-0.00268335156662391,-0.00174883475032896,0.000889642215023409,-0.000481981377548043,-0.00114546874838292,5.40639523062129e-05,-0.000613738863536849,-0.000395867720096732
-4.24126263577838e-05,0.000854373765110828,-0.000909994648117923,-0.00114771644048146,-0.00120729824247205,-0.00130301124140312,0.000299488344511051,-5.35514901180552e-05,0.000443625733234622,-0.000722506620041153,-0.00182353591170706,-0.00145126850026551,-0.00111721126923521,-0.00293861271798101,-0.00270516544822826,-0.000450146125623033,0.0012564308303558,0.00157814029426843,0.000653661627503846,0.000879306396825541,0.00122683146670159,-0.000989623008558091,0.000512256339276994,0.000711084567470483,-6.80128360544002e-05,0.00120156129742692,0.00258667365152621,0.00253026669386423,0.00559290226901615,0.00750757043739835,0.0199098707137657,0.0164618230495613,0.00711304121709771,-0.000834757996796889,-0.0047487344465226,-0.00454580340363164,-0.00531744818702036,-0.00216167431807878,0.000669261606243145,-0.00115378110062016,-0.00097231085452385,0.00143015544571158,5.22116510970039e-05,0.00167870469719579,0.000345964912709986,-0.00131622707965648,-0.000207507467598608,-0.000102240126446111,0.00124887601752257,0.000760821702210975,-0.00130768905141707,-0.00352303201693819,-0.0016672798222105,0.00025818202165322,-0.000959063524559814,0.00186265607202138,0.000177423152952346,0.00252417169494328,0.00114025568436809,-0.000481170533284011
0.0015567668495998,0.00222222957655083,0.00117023102866098,-0.00296358642539589,-0.00251652836413153,-0.0019099709733303,0.00073247015736116,0.00139552917960607,-0.00064833662243131,-0.000483179120446653,-0.00224150873707782,-0.00158121326345784,0.000258333063664741,-0.000836879366512831,-0.00126814810326512,0.00305590177429993,0.000705093720910985,-0.00101928918536664,-0.000804693657706088,-0.000952281145534553,0.000188721465507943,-0.000445602360725113,-0.00082048685578683,-0.00210136247224557,-0.0028027523589387,-0.00290898236337977,-0.00138613961348079,0.00852394341252519,0.0121808058734141,0.00412343978061029,0.0210683070423901,0.0222722794785919,0.00226650825356949,0.00268930781764883,0.000726580457909515,-0.00597210357645761,-0.00392426962094061,-0.00318512533021611,0.000189076634641816,-0.000344438869588903,-0.00120035921219475,-0.00289408398516229,-0.00216838154150126,-0.00101181652419018,-0.000663750169299103,-0.00132154944399684,-0.00103356126973574,-0.00203253146489227,-0.00121092027497409,-0.00134616121737613,-0.00140259597430878,-0.000254388472676922,0.00183151806901935,-0.001374358706929,-0.00160944531812811,-0.000482577992208452,-0.00110666391077875,0.0003416431183881,-0.00197911879274352,-0.000882906095968562
0.000318939390056445,0.00113662657185572,-0.0010382579510115,-0.0020307888298381,-0.00142188304327809,-0.00143259328079479,-0.000858749174542006,0.000359575820367994,-0.00248235639148306,-0.000420972350645794,-0.00285749129991077,-0.00198665665214434,-0.00151670907231972,-0.000832503097562889,-0.000675700804841929,-0.000620354369517067,-0.0012053519828469,-0.00210336125846364,-0.000622889757463936,8.28655864677991e-06,-0.00223447241917213,-0.0020725048412005,-0.00126443827662432,-0.0050337931641847,-0.00590330171504489,-0.00479379228747061,0.000130598949501518,0.0117479246867911,0.0112036665668235,0.00919103121327469,0.0602263652863285,0.0349625908773726,0.00388475031269385,0.00914521003311699,0.00294648092175103,-0.00578622842578765,-0.00370278424984057,-0.0026807908607718,0.000163524001811125,0.000470685500886748,-0.00308081255040056,-0.00384205405737615,-0.00379911569055435,-0.00283828158258075,-0.000514692628043175,-0.00235726858238046,-0.00357307100356291,-0.00271878257036419,-0.00165591976371009,-0.00190351785909405,-0.00183764664678683,0.000191652757630569,-0.00237949202522916,-0.00376452795193024,-0.00171327325513319,-0.00147535662456684,-0.00265473908290988,-0.00397581603620439,-0.00148857303152001,-0.00184901699397818
0.00320937612979322,0.00149926674039386,0.00314440557289757,0.00272512564335072,0.00361616790972003,0.00453547301880088,0.00280584116917409,0.00567591884033981,0.00351226678933173,0.00528211229910044,0.00496914664353389,0.00540192342238187,0.00446755509295609,0.00570966506829222,0.00819917820828554,0.00901353894986206,0.00785079642353413,0.00865999058465875,0.00843150485226326,0.00734787838933272,0.00643437897472315,0.00799647150509228,0.00946988934738032,0.00618284153201322,0.00386045447826377,0.00518379331063322,0.0214636473423762,0.0383764021557317,0.0226265035487162,0.0386208397834106,0.127948296494736,0.0385175816106092,0.0117558915906914,0.0153528587815123,0.00905847832491033,0.00554808254371352,0.0049852679065203,0.00556583336638519,0.00592185361518401,0.00617422444656911,0.00556384880499891,0.00497172882808776,0.00536162109879885,0.00495796744000957,0.0063309075936712,0.00576762830271293,0.0045415607671926,0.00528417172076552,0.00548496666934606,0.00293980851500811,0.00454014229949846,0.00410076465090978,0.00346399618910553,0.00271051531202629,0.00501413751841041,0.00555040212916967,0.00277254895840711,0.00434973717347777,0.00481735343838002,0.00519843604129729
-0.000505478115917508,-0.00280904906350371,-0.00224679984421557,-0.00177041669147474,-0.00298757299222952,-0.00340478201237986,-0.000949225064559546,0.000755572054988631,-0.00211073024321242,-0.00269880227217588,-0.00253538692261393,-0.00159509629852673,-0.00143075382740926,-0.00238353696756646,-0.000231269944701875,-0.00043452693960622,-0.000465326358170208,-0.00234581432796175,-0.00275530798822893,-0.00142416725747548,-0.00371167377736076,-0.000520935029589887,0.000843032172678871,-0.000475200430697348,-0.000512851724358771,-0.00221188290908746,0.0195484698380778,0.0372860993341116,0.0151757090875051,0.0410901667272241,0.0564054392428019,0.00702413176077523,-0.00140176496665629,0.000919850317679814,-0.00481008392336189,-0.00685686583810374,-0.00342251477716164,-0.00318154285682609,-0.00345538371237192,-0.00337572487571396,-0.00255037113465305,0.000298479508211857,-0.00195961452034663,-0.00116875912795555,-0.000754967679282931,-0.00155526580885591,-0.00166231526693228,-0.0013694687509654,-0.000631348402628257,-0.00162988047691005,-0.00322567474568877,-0.000277849172668496,0.000422005008043466,0.000132148132706422,-0.000597072977958004,-0.000723814016405113,-0.00102067290337238,0.0025399635886017,0.000276043401231303,-0.000150676462378611
-0.000864953502958522,-0.000496637697321885,-0.00148297804577253,-0.00160975898974467,-0.000669321172966034,0.000590628239158603,0.00142665709071866,0.00151069446399573,0.000421631123588408,-0.00193012739955689,-0.00170408715847849,0.000162870258203818,-0.000899663192175791,-0.00193020027663818,0.00035688370962499,-0.00129938951747258,-0.00247954338614299,-0.00200136619375877,-0.00127097190472654,-0.00160807368138473,-0.00204744547584033,0.00135816965171217,0.000931601023405764,0.000220100904134074,0.000450810309289047,-0.000894406111169974,0.0166252577483706,0.0261055656129998,0.014537720518344,0.0228742833290072,0.0197088585836893,-0.00382821133896356,-0.00133021607514072,-0.00137752992301627,-0.00157965165918635,-0.00304506640959832,-0.00177473959612826,0.0012137536262265,-4.34965520357502e-05,-0.00072476391161454,0.00171973080342158,0.00115251080846125,-0.00304680026338094,0.000160777523000257,0.000875445078540489,-0.00182690657090628,-0.00261916770397232,-0.00242956416993194,-0.00230637314105379,0.000258487045377671,-0.00136912342995978,0.000772701375872852,-0.000162121240981413,-0.000691694236280185,-0.00222911719830035,-0.00212469914577887,-0.00122663757554792,0.000397758251250592,-0.000242693083582839,7.27181018180074e-06
8.4480555333365e-05,0.000770211499358514,-0.000644526922389434,-0.00014334127974131,0.00144573140151643,-0.00120139065958342,-0.000215250561536029,0.00189184356109918,0.0015005707417458,-0.00210249812181331,-0.00335187966467261,0.000534559765019349,-0.00106969581273449,0.000189974219621699,0.00225017103831354,0.00124414973449839,-0.0006967741574449,-0.000380953307415879,-0.000751695400891755,-0.000697012296753086,-0.00222393163019126,-0.00126351579181851,-0.00270088942868355,-0.00394379747528521,-0.00529447365729971,-0.00869391866854642,0.00196986103294844,0.0121186613648625,0.00970178698828918,0.0134211296751439,0.0166766721269361,0.00133024584887835,-0.00061710664346675,0.000699564090921442,9.50180404836575e-05,-0.000107858935450262,0.000485495457895057,0.00179830925061458,0.000933677499308961,8.57254507852794e-05,-0.00130246634844272,-0.00299777163900291,-0.00174998621200024,-0.000759492242055941,0.000457320739493987,0.000174675562004912,-0.000780009301699093,-0.00132124719643245,-0.00179713227038218,-1.85910103886967e-05,0.000101170210447566,0.000273756215286221,-0.000931838049173148,-0.00129908207895183,-0.00178231629750182,-0.000971378144315953,-0.000166878826725682,-0.00202138100192013,-0.00173235995619384,-0.000698492968682291
0.000470128695934071,-0.000359126079670774,-0.000839360477503991,0.00156102412633763,0.00264005681756105,0.000425704177075522,-0.00019409678139631,0.000164662555851856,0.000499018097602447,-2.17193080413651e-05,-0.000765535133897313,0.00078795093118565,-0.000479552414604712,-0.00153559200346107,-0.000294501415119574,-0.000784070032722914,-8.87435340134111e-05,0.00118426231092631,-0.00057039116413107,-0.00257502537804631,0.000905310784464084,-0.000538544177034852,-0.00398966295041612,-0.00577944696113732,-0.00779251459729279,-0.00959925105149304,-0.000219989383006564,0.0142519008108619,0.0127599953435449,0.0202736550731123,0.026264005861485,0.005940838288343,-0.00315844100845516,-0.00355441959687289,0.000151680614540124,-0.00243684290054113,-0.000459671867104579,-0.000936074758351493,-0.00203428264270687,-0.00258948042234487,-0.00234941196413975,-0.0024245023391924,-0.000562398701697515,0.000392179197957776,-0.00137647417730797,-0.00116395193671092,-0.000146677181886569,0.000161954524107927,0.000738841339472376,0.00242718448232081,0.000915319630293502,0.000266272937739325,-0.0012262031963743,-0.00183431742558332,-0.00216050891274546,-0.00127505370203665,0.0016114175159519,-0.00203483790786608,-0.0011381019005704,-0.00123140577927326
0.00116484394620177,-4.14384814904254e-05,-0.00141893952707595,-0.000202677423674341,-0.000234622615430253,-0.00152497970652647,-0.00100409920966287,-0.00115776483637992,-0.00157766161417208,0.000195780232295011,0.00210314791670933,0.000419493826205847,-0.00230554628846659,-0.000828085777620192,0.00205039191722716,0.00114961194156279,8.03835316936246e-05,0.000775796087391288,-0.00136769749447061,-0.00417870651791576,-0.000136084171959971,2.99584905908083e-05,-0.00248278700225905,-0.00370112843429096,-0.00671832350693811,-0.00321396900228332,0.0179667156735048,0.0267272116378137,0.0155579088582198,0.0280915495550081,0.0286007223285903,0.00346070466557109,-0.00209434026736933,-0.00160889270129058,8.34446386672886e-06,-0.000116276497351464,-0.000622714070660077,0.000163089252966857,-0.00169103404088749,-0.0023291426162395,0.000253671653482903,-8.04279274118054e-05,0.000297830904720809,-0.00265578160939771,-0.00214041948966943,0.00034331664190587,0.000353468441075683,0.000291104367231473,0.00090101842630498,-0.00127022843805256,-0.00307647971517814,-0.00238694581603729,-0.000214351394036991,-0.000887824000767395,-0.000846900997025969,0.000677590246061479,0.000412514069112774,0.00283162671089484,0.00186218176890835,0.00111662939099767
0.000100364545025244,-0.00138740174370438,-0.000309585691472855,-0.000792388346957914,-0.000405075051079029,-0.00176173744534412,0.000132150003875739,-0.000520711408793817,0.000202049999934212,-0.00142958921127856,0.00182201501793105,0.00217441657739762,0.000703160525493441,0.00191494024645372,0.00142747786957975,-0.00126181030401901,-0.00440989731922372,-0.00329851127448492,-0.00332695466557826,-0.00244887655126895,0.0022344402547859,0.000684057941130063,0.0015220225681055,-0.00111692915540582,-0.00260609305537646,0.00562980296319524,0.0369290638970383,0.035335656662384,0.0139488218017129,0.0141825418362296,0.0152927320840147,-0.00181976135242748,-0.00115424621556861,-0.000230142942988566,0.00058728104894202,0.00131774142968667,-0.000480092910083226,-0.000310516559660097,-0.000788465090004992,-0.0013356886011018,0.000558898792358717,-0.00172012721464588,0.000421721512114833,-0.00056776264619653,-0.00335540914028322,-0.000690709249015917,-0.00161482929702865,-0.000197995310584643,-0.000623524071506937,-0.000199250401205672,0.000855336354998301,-0.000931991159097656,0.000479145960058873,-8.72293302288319e-05,-0.00192558276567935,4.63265066799789e-05,0.000597100575869479,0.0023800811082099,0.000171344205363826,0.000991826154542011
-0.000382158970807271,-0.00304404571375477,-0.000396297893777832,0.000963684136386432,0.000940342560658582,0.000664449945880676,0.0021449481872858,0.000703948107366856,0.000123835597897958,-0.00144162494788124,0.000102235288403692,0.0005680698481137,0.000355099565579311,-0.000286920847197421,-0.00179996755554872,-0.0026213306177519,-0.00311154171619606,0.000777109587753589,0.00133311052931478,0.00162885142641676,-0.000458905100197342,-0.00116774081951144,-0.000405704458106468,-0.00109567724715442,-0.00287807279482381,0.00529937796444177,0.0219032866818059,0.0141898633602538,0.000718669726013786,0.00222942984720163,0.00464422851940074,-0.00592795383153603,-0.00398332884720085,-0.000260724771377155,0.00137804624498578,0.000822710065170668,-5.94330387202113e-05,6.02872108785504e-05,0.000573903796160017,0.00139454687102575,0.00342977193224105,-0.000371742205998829,0.000840702760293634,0.00024960226080287,-0.00133383149939396,-0.000464284810258523,-0.00163285707136727,-0.00136730947387569,0.00158021956762367,0.00233582729727837,0.00229704403814377,0.00051304741015497,0.00232775658688872,-0.000425058187885768,-0.0015987301348918,-0.00132102121483494,5.24826635282968e-05,0.0010462262152988,-0.00162574075840726,-7.15128937898304e-05
0.00161590835294013,-0.000923656378479471,0.000392239225995421,0.000922566516601566,0.00155056038638622,-0.0013672642478709,-0.000127027068328163,0.00098804517405258,-0.00173166804935182,-0.00419730352814207,-0.00155624746496591,-0.000763624104879224,-0.000442527617113332,0.000311593206145814,0.000646717928019628,0.00013596351312244,0.00073018235352801,0.000343092533906136,0.00358333827635067,0.00194241026736451,-0.000472205400076294,-0.00355348149838362,-0.00252001883589174,-0.00497964118167282,-0.0069325349260842,-0.0044050475030219,-0.00284016598660591,-0.0034113267788722,-0.00179405633960838,-0.00241971283476232,0.00128091283283072,-0.00283879521142374,-0.00251263635042455,0.00240760590782725,0.00324690467449339,0.00201834603900307,0.00162941248082168,0.000286378333815714,-0.000163386052984756,0.00193512682001447,-0.000351464666470775,-0.000373476933828575,-0.00212167981301177,-0.000826680061384263,-0.00101282026289227,0.000406010546859338,0.0019475819709595,6.92514885254245e-05,0.00243976940471315,0.00102922059112554,-0.000759759705990674,-0.000273488914662816,0.000184966218304495,0.000657706302595939,-0.00144290298292481,-0.000292255873570027,0.00104862694026934,0.00112841561187716,0.000719467758833719,0.00126451768574943
0.000660002071126193,-0.00055378658564572,0.00175617098414968,0.00121235315086506,0.000277809763778553,-0.00173310459515231,-0.00134828306516399,-0.00275594152940997,-0.000736561269068396,-0.000663670423350938,0.00195413675950999,0.000896647804919022,-0.000427668965985022,-0.0007120880746921,-0.000836651062786616,-0.0019396918449331,-0.000862256031599359,-0.00223037857085145,-0.00201144723267625,1.52891896254394e-05,-0.00370119929554633,-0.00229749198578849,-0.00146683722981393,-0.00397997049150159,-0.00607921478957507,-0.00895041900630891,-0.00330877530114644,-4.69637697051032e-05,-0.00237296735095883,-0.00184915681265455,0.00596603549491429,-0.000932354773680805,-0.000660047044918628,0.00155769136583218,0.000771967186257784,0.000392805487826356,-0.00110986999857998,-0.0024122080565558,-0.00107037739168754,-0.00036937034743825,-0.000671417943715988,-0.00313479362105424,-0.00161900169760315,0.000244561049165647,0.000394814068914749,-0.000168792107080062,0.00105880324370395,0.00131265627666355,0.00190857771907619,0.000499212154933843,-0.00151478041024146,-0.001503089955211,-0.00111260941667311,-0.00248852493199588,-0.000399193820332814,0.00062686676686882,0.00100716536102294,-0.000614614240605265,-0.00109131355009948,-7.08899520556549e-05
-0.00131690936329678,-0.00286154173460426,2.12663677868392e-05,-0.000490897098807155,-0.00199490131069727,-0.000913785953174832,-0.00203264367358902,-0.00143124175298928,-0.00094943755803268,0.00046375274985243,-0.000435170357727637,0.00035147015746022,0.000561122819984792,-0.000158335786189069,-0.000768300625025185,-0.000944323900155772,0.000581730338962415,-0.00186045132853017,-0.00177760063351743,-0.0021898892153359,-0.00267702181483331,0.000326753116134514,2.87931781630881e-05,-0.0019436513855142,-0.00315021984383906,0.00022079714106078,0.00807888917131745,0.00414583694799446,-0.00342527366534223,-0.00330284155228953,0.00410077389784183,-0.00160493148491845,-0.00157177468902436,-0.00155603039104697,0.00165799670837682,0.000175536811072645,0.001554322838523,0.000201013903819053,1.69925332714081e-05,0.000154719674857903,0.00190709734483538,0.00102073170955458,-0.000523847222784924,0.00113298856192578,-0.000536711702311328,-0.000765297911374557,0.00303947337661323,0.000803498874566606,-0.00126544308489281,0.00122689733800931,5.79023398837906e-05,0.00100431979607573,-0.00106211081977287,-0.00072153275012372,0.00176713991071715,0.00190627577760065,0.00094236958168192,0.000647151909568355,-0.000603085668012149,0.00149788661720976
-0.00135553159809211,-0.00109881910588305,-0.00131725716890997,9.23180671988451e-05,-0.000427067072528222,0.00151435833937115,-0.000891284017802499,-0.00231405650686323,-0.000863050008184296,0.000803554311444542,0.000404258007584269,0.000691597472288265,-5.35573274593394e-05,4.61695862196073e-05,-0.00170683066989556,-0.000797601841742128,2.84003183872918e-05,-0.000757613718789687,-0.000262456936467008,-0.00327351828750743,-0.00121120618499793,0.000437359355220951,-0.000227652503723288,0.000776736698089151,7.8827941869255e-07,0.00774325985056888,0.0107248109516392,-0.000646713187429839,-0.00389170426271524,-0.000462383035642963,0.00501851389445247,-0.00151906567714458,-0.00259174203435645,-0.00215513504604075,0.00170025946044734,0.00148234061669504,0.000975028967394109,0.0015257863833795,0.00110433446944029,0.000258775794107834,-2.05201750172143e-05,-6.3360689508009e-05,-0.0011848705297719,-0.00194233149066448,-0.0022465269524756,-0.00184803837721892,-0.00077637790579881,-0.000602334948758332,0.00107057619097195,0.00179670570438347,0.00144111533281226,-0.00112636622247633,-0.00187606485048353,0.00121610799021334,0.000753506100186213,0.000964846322977963,0.00230280293639211,0.000350248551721841,0.000814896040047614,0.000336506050083033
0.00123529579304491,5.42070233253014e-05,-0.00169764254396559,0.00055018379023465,0.000240739368898033,0.000472099280882145,0.00175421196671997,-0.00033401255455762,-0.000531069587582827,0.00136456722011678,0.00173186485761074,0.00102964306288071,-0.000900929549926889,-0.00380324867541873,-0.00495059978195025,-0.00430935692246117,-0.00157763716886765,0.00113315296694215,0.00246153715777695,0.000658197120505976,0.000117042943871282,0.0010192455380759,-0.0026869973188035,-0.00126936762446114,-0.00274823284634477,0.00144363828040617,0.00280899432589072,-0.00193611501202746,-0.00416552815319807,-8.52071772212661e-05,0.00684423406849401,-0.000715646017802123,-0.000555686322831052,0.0013052616733157,0.000517942216868515,0.00115184219064984,0.00200603710969413,0.00187664309302053,0.00140668760033009,0.00246050036716239,0.00124697760836088,-0.0003967671767009,-0.000449298519242543,-0.000463218762720667,-0.000381589010819445,-0.000840918399356309,0.00128211984715378,0.00161305432534997,0.00346339578685356,0.00180935009158787,0.000184047655679717,-0.00200638139383177,0.00056981721118349,0.00135592186305121,0.000275139993868026,-0.000124699020911325,-0.000161777639087952,0.000577341337690072,0.00109261155641868,0.00146477787893668
0.000297477394207312,-0.000130576925525638,-0.00125049400427708,-0.000109097852907819,-0.000213659771001795,-0.000481087688902987,0.000502456421098189,-0.00251211335277417,-0.00135080213065035,-0.000349736613495871,-0.0010836955111809,-0.00237212132495669,-0.00247816697991905,-0.00144954635291978,-0.00149316611355154,-0.00181129734485204,0.000348995423233964,0.0027498670768217,0.00184751126287503,0.00034379935359262,0.00176408197154344,-0.000283580386430584,-0.00230679054411097,-0.00125154724105482,-0.00278510314241244,-0.00474412961855338,-0.00160552249059601,-0.00145250017509081,-0.0013453971140368,-0.00200256881018076,0.00648826561427233,0.0010082707284891,-0.00164108168172684,0.000103711066516218,0.000394806038724698,0.00132809438350528,2.17341726644425e-05,-0.00039460934594797,-7.65043286113276e-05,0.000658956769699938,0.000931238403248179,-0.000738439299323858,-0.00142823223801255,-0.00147911841623507,0.00231216048521532,0.00180405973514929,0.00145501149539088,0.00189158870485504,-0.000569226522391181,0.000509178575186404,-0.0017861473166398,-0.00118954245103828,0.00367117363879996,0.00145049691923274,-0.000130770179377908,0.000510492474513758,0.00259114935402596,0.000186168508718292,-0.000844190545603538,0.000282747772220452
0.00124400995824985,-0.00156481858207996,0.000104811795780589,0.00123179529614785,-0.00132394856758675,-0.0020324135681552,-0.00196293555642023,-0.00138220082392251,-0.00126828455676809,0.00182388444599193,-0.000325886608902829,0.000744757104124609,-0.0015098145057798,0.00183695030064634,0.00362181620550947,-0.000184545210758821,-0.00160529492776046,-0.00151346528863108,-0.000831642855783634,-0.00166653522288343,0.00108035514502303,-0.000476169970020558,0.00182532455111763,0.000266796796754618,-0.0024347816027993,-0.00249045008875406,-0.00390802366748545,-0.00175464408163103,-0.00191006093998796,-0.00124050647677243,0.00360404297583443,0.00182663651231857,0.000271472084728411,-0.000963947735088009,0.00149940386243749,0.000508825861171936,-0.00135961077876421,-0.00171770300356744,-0.00153910266194496,0.00161268649748205,0.00246169021906917,0.00121613273338879,-0.000331584032568802,0.00135137940274181,0.000685485570393968,0.00103093949625712,0.00098234550896807,0.000621240926903411,-5.57132221833237e-05,-0.000605651355401025,-0.000579365144161891,0.000239587832338338,0.00101670403502998,-0.000206247137243631,-0.00122763689374916,0.0017310247325872,-8.32668566752009e-05,-0.00259905239092519,-0.00344154732278575,-0.000784763972634767
0.000948811397427816,-0.000392926968585004,0.000140749338199754,-0.000336135690448005,-0.00203380697653011,-0.000777139941777074,-0.00157874060404224,-0.000720511846222246,0.00107970926510145,-5.7181766439079e-05,0.00219162926642313,0.00108036682783142,0.000388081755342307,0.000469708043994271,-6.06059350551283e-05,-0.000578212603034874,-0.000138900008954566,0.000964569141840781,0.000422511408845475,-0.000207434257046916,0.00227124934101899,0.00047277217483784,0.000752852249159736,-0.000770818922539052,-0.00136228765142898,-0.000899655409140093,0.000150791730331283,-0.000520250331521915,-0.00186768492593068,-0.00265127396511354,0.00445382582848903,-0.00162208142171098,-0.00261752876062197,-0.000737935093956611,0.00174909190704179,0.00128480465442136,-0.000250726434615005,-0.00160670677773391,-0.000472240657954694,0.000248309325896692,0.00101227877599554,-0.00024016360066295,9.75805315072043e-05,0.000116905903417475,-0.00121457375451991,0.000428359166410197,-0.000462506571151337,-4.39873485195888e-05,0.00277477893332016,6.95934028411161e-05,-0.00146470024657247,0.000392042326970442,-0.00217789049576103,-0.00169434193831232,-0.0010200303271754,-0.00102807284214293,-0.00146341410474146,-0.0016313494299361,-0.00141351889382215,0.000586733290892756
-0.00117356416499439,-0.00120707652820428,-0.000290566020549462,0.000602774185668457,-0.0016246724468936,-0.000549447371618726,-0.00145379178407728,-0.00216685877825848,0.000330382091628153,0.00107913568440388,0.00047948568565487,0.000622468339885242,-0.000206109226014995,-0.00115846385501599,-0.00202327228038213,-0.00133741232965024,0.0015189566768608,0.00175239659352244,-3.96871146803175e-05,0.000370969282113922,-0.000743227106539866,0.00160785622087448,0.00105023723374498,0.000783032302639186,-0.000426169782295127,0.000748276324169463,0.000890494520276152,-0.000905283085605211,-0.00200866299755943,-0.00091976460018224,0.00357130862688824,-0.000458079055278963,-0.000234442999515916,0.000245511828588547,0.00107422933619133,-8.51453723483107e-05,0.00296522641351057,0.000700007244474348,-1.2067450436416e-05,0.000430976107284443,-0.000734426698828119,4.53994517059549e-05,0.000415158218001286,-0.000361806743272079,0.000275271272692884,0.00073015241698818,0.000615297687953763,0.00141914331219366,0.000403346322750528,0.000292807888821857,5.1000336394103e-05,-0.000354946965502239,0.00110473516392242,-0.000486340136800902,-0.000921537610357742,0.00087555925371944,0.00187312756618311,0.00121836630538631,0.000978160659649634,-0.000258699609767357
0.00260703323029544,0.00155501945531555,0.00133648550772085,-0.000709511915378178,-0.00138261195439171,-0.00138078191467182,0.00027676093999148,-0.00118212456545773,0.00051135838056746,0.00271437181663497,0.000660608244289816,0.000248099305889299,0.000246755969609596,-0.000458511956063718,-0.00232299168235555,-0.000329744777792598,-0.000420091851569777,0.000970552433103455,0.00221440363782151,0.000332469202872528,0.000203938852575874,0.00150441210733052,0.0021413027149161,-6.6018100056874e-05,0.000244917990972053,0.000930091172561478,-0.000107721232892359,0.000775947278007825,-0.00291390863040142,-0.00139549345979787,0.00376345077990492,0.0013841642012148,0.000346955774126889,-0.000711782273574278,-0.000498965092861714,0.000337807413593186,-0.000377959233434805,4.80448940448215e-05,0.000169075614766503,0.000267143319391257,0.00139509280601727,-0.000487237943797578,-0.00129674486549796,-0.000103862781400035,0.000746757466138337,0.00198963553193375,0.00046022463405899,0.000588220631314165,-9.32114115037017e-05,-0.000962550358120141,-0.00244740549690026,0.000634177081360086,0.00181347968597939,0.000463148511284525,-0.000159020839759263,-0.000285211681341463,-0.000632895087439918,-0.000240393508641216,-0.000551734008462929,-0.000290349378261728
0.00171114528196108,0.0003779199333522,0.00117634569643366,-0.000758702908919304,-0.000646033192779407,-6.96179959116928e-05,-0.00110667684538546,-4.97968049656909e-05,0.00186933798066764,1.11908435432121e-05,-0.00228832086635658,-0.00148736755373062,-0.000572539316585629,-0.00125338821188597,-0.000293099155766863,0.000667344287791781,-0.000625265552470881,-0.00112001086627268,0.000541559752317342,-0.000965295201463893,0.00202627111140767,-0.000877022534347252,-0.000929618337282796,0.000550126790737365,-0.000279246206059039,-0.00152196643434921,0.000236430042521436,0.00188421214341904,-0.0011648169591267,-0.00177684826569859,0.00365657595238447,-0.000723971065757685,-0.00211711196329349,-0.00149904641964795,-0.00227687499437365,0.000102949389495049,0.000665594876431619,0.000430045901022074,0.000689262237713216,0.00227134823447107,0.00111771516991857,-0.000325084060649159,-0.00168342771293026,-0.00222140805849817,2.79413062858063e-06,0.00106353341738611,-0.000311788246164384,0.00104224219174639,-0.000208175834253039,-0.0012687061852736,-0.000764860011463453,-0.00106845894827455,-0.000187662485713912,-0.00101941905671763,-0.00142779369221841,0.000723379112272461,0.000593501296092558,0.00027126471474251,0.00140596699904285,-0.000132169936407781
-8.50144529597563e-05,-0.00145598383643703,0.00207784276783998,0.000311068396270089,-0.000618635123441379,0.000969097061634408,0.00102054145818144,0.000836241941651151,0.000690290008885106,0.000472155543117273,0.000412362761061725,-0.00150095742630838,-0.000627053424461845,0.00080229041463676,0.00155940586304728,0.000189132342393291,-0.00190333395166793,-0.00047976483994189,-0.00163424804704147,-0.000801903216921633,0.000225719265433745,-0.00200464795650862,0.000982894685164842,-2.59212679289804e-05,-0.0002142765470139,0.00128577292211049,0.00156397149791288,0.00350587434337294,0.00116385511945897,-0.0017303696406287,0.00462843115868584,-0.000347821135383008,-0.00190787657379009,-0.000431982701633276,-0.00155037538229957,0.00025017159844685,-0.000786687442336072,-0.00109439673532582,0.000387279503709078,0.00172833311066504,0.000412406781444415,-0.000786422035660667,0.000513928630195839,-0.00132836994692283,-0.00186375333878433,0.000283972894990859,0.000447567400092458,0.000953447733576327,0.000403619347642776,-0.00105607579820477,-0.00116920842489577,-0.00119317502611386,-0.000188705202275588,-0.00156954722220179,-0.000474621113940971,0.00071054597647071,-2.93907067371024e-05,6.79527777059996e-07,-0.0010655309547018,0.000663255696551691
0.000101564051529406,-6.42598732891469e-05,-0.000736564408789467,-0.00129852659563095,-0.000412345120050401,0.00119791708917701,-0.00110517547916176,-0.00130189559845258,0.00127649340284691,0.00186720095161179,-0.000683166617712485,-0.000814978281530624,0.00134117877205159,0.00202225281958552,-0.000542062530249047,-0.000463393211787119,-2.98826638392322e-05,-0.000114296332950094,-0.000392429628359642,0.00206878610471967,-0.00119263413216947,-0.00129879077861105,0.000300094971711498,-0.00193321724983486,0.00102626438882193,0.000973259018085731,0.00118306514419913,0.00164464994118822,0.000883590430676945,-0.00166291760159774,0.00484887833491985,-0.000375384317394597,-0.00177342955005252,-0.00200278825619583,0.000322619930117117,-0.000362051004298503,-0.00258115730700866,-0.000482476996096153,0.000424112004152706,0.000618436793384956,0.000199230846916629,0.00126457946732483,-0.000320488381528998,0.000609079442433258,-0.000512951506752488,-0.000449739360442109,0.000539424546941067,-0.000468570000142727,-0.000387941722847028,-0.00115984973954016,0.000323782281963617,-0.000724552901978863,-0.000401875919538787,-0.00167732987333402,-0.00249680841705295,-0.001110823522862,-0.000507595871608015,-0.000525617045747914,-0.00143520877440751,-0.000673941193881103
0.000443027886191654,0.00120712794775753,-0.000728060127171338,-0.00213370944258202,0.000746494152631908,0.00102728516875261,0.000530398972802176,0.000907032168919809,0.00227665582320723,0.00203013844226459,-0.000361972376829932,-0.00036870051601271,0.00175681513250847,0.000217384997806543,-0.0012295960361666,0.000331343684840481,0.00342725952760861,0.00139814329612207,0.00231008977032123,0.00164148379837833,-0.00170640113642793,-0.000213093713007913,-0.000985959210719406,-0.00279632928356245,0.00131378298600048,0.00216567808266774,-0.000420447928874469,0.000524130379542865,-0.000844591816524119,-0.00138400415513195,0.00398242538534979,0.000523592745605443,-0.00110711294632478,-0.00258690158827104,-0.00220343768804424,-0.000476442789382554,0.000836352621713618,-0.00186383159263413,-0.000354391365886384,0.000500668805717018,-0.000680318160749105,-0.000843590307667456,-2.00424959981243e-05,-0.000449042876913204,0.00140189510542098,0.000410536665571273,-0.00130541035862954,8.8722020791918e-05,-0.000987560386817695,-0.00216325236900741,0.00113191662177914,-0.00095919196020311,-0.000689871794876857,-0.00123415376458333,-0.000546057117539358,0.00122469576673158,-0.000390928935417681,-0.000242368869050935,-0.000988467601375632,-0.00214751316897717
0.000624581675885473,0.00167889728283086,0.000404388072628073,-0.00178066782520366,-0.000452236084416506,0.000331623883439107,0.000421738449520771,-0.000286550232426603,0.000485747507569864,0.000665390899388122,-0.000968994714301617,0.000446493704802231,0.00138975424955854,0.00126383484996883,-0.000417026940460841,0.000118054805089683,0.00157486740504351,-0.000728147175535611,0.00274176010323489,0.000341852706321275,0.000987379187350068,0.000617487849251803,-0.00054935808196417,0.000732373055976723,0.00176809035269598,-0.000968606283083944,-0.00128684461421854,-0.000985457261285508,-0.00119834809620867,-0.0026316542086385,0.00238152795078652,-3.28566505740033e-05,0.00117832033076513,-0.0004107593065156,0.000460302024883743,-0.00208473846594936,0.000519366393209576,-0.000492405206985587,0.000252053760219338,8.89604886291004e-05,-3.00102543684619e-06,-9.25559163497853e-05,-0.000132045291302599,-0.000273697176101462,-0.000937455446412343,0.000288469633138988,-7.20005161138702e-05,-0.000176939849594762,-0.000386504642695793,-0.00110893755328087,-0.00129871738963866,0.000578579459098275,0.000828532661930133,0.00183093680654233,0.00172627921544751,0.000489941068791581,-9.96457006856392e-05,-0.000568414076233758,-0.00125254371154897,-0.000947220100211938
0.00145614241829202,0.00105542569112666,0.000154529964903539,-4.02327792507164e-05,0.000725158111896952,-0.00116122679068621,0.00050900369341687,0.00185903247608897,-0.000182904027040624,-0.00198490382229321,0.00148211207851452,0.00168145460014974,-0.000524472040454886,0.000760149074733573,0.00135055885080468,0.000538539428533503,-0.00247398619931385,-0.0001907567103692,-0.000953557655059261,-0.00254081061479811,-0.000835572514115972,0.00156353355124101,0.000919767788287679,0.00199259791708277,4.3740675360039e-05,-0.000218158422937416,-0.00112467804571123,-0.000931587804567306,-0.000115789730323203,-0.00169021883709616,0.000923723569807113,-0.000537296727559502,0.0014366518265315,-0.000373929694320369,-0.000435495692010002,-0.000471733102836011,-0.00166967445722833,-0.00138417326397235,0.000370662807864253,0.00133332836034308,-5.72812752989271e-05,-0.000612898582126761,-0.00293498071921448,-0.00132351214226737,0.00107986305360071,0.000926125498022531,0.00113576126828035,-0.00122261042837439,-0.00108787204698854,-0.00118566310650268,-0.00205748431388577,-0.00172644148108442,-0.000514730816456131,0.00240388354601341,0.000725960747935003,0.00115039301884578,0.00230480814912575,0.0024183588768656,0.000385176986313868,0.000977929232841697
0.000549649736465382,0.00104909831669211,5.27878424310296e-05,0.000632407482495123,0.000893529858124816,-0.00164743077781301,-0.00154576844471123,0.00185884581056022,0.000612656692448915,-0.000862768370078333,0.00134964270053142,0.00186639153027311,-0.00164820572174364,-0.00116381356182495,0.00187509162126989,-0.00222475643375079,-0.00206434858974905,-0.00234296215586328,-0.00189591647784421,-0.00149855126101284,-0.00122760350365747,-0.00176156530875265,0.000774868884023773,0.000353664281360279,0.000942210118858213,5.42322480236599e-05,0.00278990954389431,0.0011193093751532,0.000699351718734386,-0.00290673222614306,0.000894043921922888,-0.00211748536277419,0.0019164376618539,-0.000484523431770177,0.000124215429401705,0.00126943375323146,-3.04469038633311e-05,-0.000816575378649724,5.94570581823282e-05,-0.00263883108424305,-0.00189930008443717,-0.0017780509630304,-0.00259452714792215,-0.00314619210349833,0.000187773776220976,0.000870933475868277,0.000615193500142127,2.10515161693724e-05,-0.000906711656879652,0.000121187332886597,-0.000858183379737763,-0.000819441815913317,0.000893358317408102,0.00210219532329139,0.000681503432803686,0.00154785048942818,0.00201150675961258,0.00106181258535481,0.000668521976828452,0.00256293503701421
0.00138046486857018,0.000288036864913333,-0.00206186437756926,0.00040944954616178,0.000940118900611084,-0.000824380188735612,0.000414615375221115,-0.000306641580466751,0.00101660278040073,0.00125466949208311,7.69394578924934e-05,-0.00175559865261871,-0.00133517133811289,-0.00209516833569491,-0.00253779743714193,-0.0031451636775162,0.00281151659211896,-4.87853291709633e-05,-0.00272136991168087,-0.00112289460124021,0.000682095548961197,-0.000621642729019848,-0.00140351889498805,-0.000277910993760066,0.00118212104426435,-0.00235362273136345,3.69110942735666e-05,0.00274293234128971,-0.000607742021088203,-0.000715203260803251,0.00403025211159559,-0.000349877446167984,-0.00135868630565504,-0.003269120268998,-0.00100693339843773,-0.00059722477044645,-0.000443811467420918,-0.000136307490128804,-0.00113751196189012,-2.75509552512036e-05,-0.000435249531185933,-0.00115834129469465,4.29247394492826e-05,-0.000669645404945119,0.00120802081781416,-2.84848789776828e-05,-0.00156134538325616,-0.000362141316735485,-0.00141356752474573,-0.00062771456581161,-0.000328735922456664,0.000327918286375772,0.000512813549639664,0.000267889849969887,-0.00179668024218604,-0.000220230752229995,0.000936747210125724,-0.00043078174524903,0.000482600041475048,0.00244178796948662
0.00047179502125128,0.00105315819960874,-0.00179298502264544,0.000699339860885814,0.00206468419108217,0.00138940708700133,0.000669006164658862,0.000641163078415569,0.000819043792636694,0.000852911230183288,-0.000681841290255191,-0.00286597043892432,-0.00242437779219949,0.00247112371446378,-0.000691273512342765,0.000163067743053257,0.000780440620159376,-0.000558725037298275,-0.00221393969495389,-0.00247309696149255,9.31977375845736e-05,-0.00050395355523752,-0.0011075044782813,-0.000804318761542463,0.000524430536222608,-0.000188521006894918,-6.03098845683435e-05,0.0012237859740356,-0.000815731761660386,-0.00223505180876853,0.00258516757752914,0.000703776668111392,-0.00150502730793185,-0.00291775676496985,-0.00119390131205027,0.000118735898631283,0.00247684361488254,0.00256465396613855,6.4885284306522e-05,-0.00025745655129994,-0.000101100830236534,-0.000919174253733784,0.000908740625154114,0.000230999898982945,0.00128389483245986,4.35872618890299e-05,-0.000764011399864997,-0.000469579019865576,-0.000724091200527486,-0.00152596597443004,2.51861610590565e-05,0.00110404092938352,-0.000362719538014191,0.000439814528093978,-0.000817203872627071,-0.00222700239127087,0.000460366011967072,0.000982780800398231,-0.00147109380969327,-0.000132087424324128
0.00117302781156096,0.000262964974525214,-0.000169914290889324,0.00255275489415078,0.00203363477146438,0.000169305274335864,-0.00021885009376304,-3.70660255900363e-05,-0.000708550969053619,-0.000745016539266702,-0.000328967345955481,0.000398707935995397,0.00284277704910497,0.00116506500598429,-0.000614813208989611,0.00287444294521347,-0.000658987547986118,-0.00154689788522216,-0.00147099624878114,-0.000616831383430012,-0.000183795511019111,-0.00192010452050615,-0.0023346978073439,-0.000932385952398059,-0.000349083539711598,-0.000749023075781082,-0.00298962888984099,-0.00125517706170934,-0.000925160760212342,-0.00189832934767409,0.00262510199927389,-0.000533080735701956,-0.000911180408213477,-0.00132329774650553,0.00186830640874054,0.000558112971984982,-0.000523698016224485,-0.000969921461675632,0.000571184476874318,-0.000181059083863533,-0.000427177840860317,0.000950069562497483,0.000155118668976367,0.000738277433949992,0.000169460291029469,0.00150537446069224,0.000883112779758659,-0.0013388275867745,0.00164405493007876,0.000274995134297717,0.000409220430354168,0.000829092146319941,-0.000351519389077887,0.00200203596744327,0.00098392733330469,-0.00265854291584387,-0.000970584591689266,0.000962462427325147,-0.000522499405976469,-0.000941413044766648
0.000501546119085196,-0.0009838962955705,-0.000687106428815658,0.000217967469450852,-0.000948479204121206,-0.00102337062277314,0.000620194400948073,0.00149727637828174,-0.000422062976280451,0.000613860901148015,-0.00097973033870321,0.000190473947960171,0.000770945745396499,-0.00146564033255865,0.00107047652948425,0.000685509103466629,-0.000560886050570211,0.000608371256473652,0.00113298185135806,-0.000889819822297538,-0.000324926605023382,-0.000922867169798469,-0.00157790529478183,-0.000899712976773086,-4.50877906539619e-05,-0.00139883095991265,-0.000826152309557197,-0.000688582624492971,0.000296113088506756,-0.000972282096724459,0.00224533495190282,-0.000657406233584517,0.00137922219267856,0.00189332107088922,0.000817744441459585,-0.000176508599187346,-0.000409491130497291,0.000232785850199354,-0.000847799332615363,-0.000881530334578407,6.31177406829959e-05,0.000915921723188369,0.00140482348598237,-0.000519257176878327,-0.000503457280985068,0.00128791795169648,0.00021529541764148,0.000480076945916647,-0.000484587801236835,-0.00121480207010545,-0.000959225859053123,0.00177382641035465,-0.000312884999084756,-0.000837698082325538,0.00100819404279058,0.000902602116776957,0.00108709607763663,-0.00022068683561579,-0.00165740286936342,0.00145014710320686
-0.00193100578665936,-0.00133482989807286,0.000277587436798285,-0.00104757291314327,-0.000219519055763559,-0.000563581986099563,0.00223083353961801,0.0008544835145689,-0.000105280470977123,-0.00106776448408921,-0.00228700923935157,0.000124527930349108,-0.00104327258244791,-0.0012719667177805,0.00144057627700872,-0.000217891946969036,-0.00108306475922042,0.00135695369726872,0.000421202339563627,0.000155986629926764,-0.00131761311364454,-0.0026274635357373,-0.00115091536818457,-0.000503989507420278,0.000874277137532705,-0.00125835741493997,-0.00143041882794345,0.00127204629530061,-0.001590209502092,0.000255641040231471,0.00082446429273249,-4.34979175161464e-05,0.00082095841824889,0.000226911580298032,-0.00123094475731082,-0.00116849516188976,-0.00028582131951452,-0.000134007575976655,-0.00115176309200125,-0.000419515079061274,-0.000359126779625358,-0.000803890686902465,-0.00122875839385179,-0.000395981947258505,-1.00392463681626e-05,-0.00156713967136085,-0.00051503858675995,-0.00145569940916495,-0.000731151474701061,-0.00131121226592607,-0.000291462705528402,0.00297892820261749,0.00119070593671883,0.000905766645388282,-0.00023216435219564,0.00139859917875988,0.00106290144486661,-0.000558181002706914,0.000433472488614716,0.00180245036938797
